episode,total_steps,episode_reward,clipped_episode_reward,consecutive_clipped_over_20,max_consecutive_clipped_over_20,avg_clip50,duration,exploration_rate
0,167,70.0,7.0,0,0,7.0,0.4331369400024414,0.9999447219999998
1,353,85.0,8.5,0,0,7.75,0.484036922454834,0.999882784
2,467,50.0,5.0,0,0,6.833333333333333,0.29892921447753906,0.999844822
3,610,80.0,8.0,0,0,7.125,0.3606851100921631,0.9997972029999999
4,861,190.0,19.0,0,0,9.5,0.5941734313964844,0.9997136199999999
5,1086,75.0,7.5,0,0,9.166666666666666,0.5471210479736328,0.9996386950000001
6,1291,255.0,25.5,1,1,11.5,0.49991536140441895,0.9995704299999999
7,1392,125.0,12.5,0,1,11.625,0.2644500732421875,0.9995367970000002
8,1559,100.0,10.0,0,1,11.444444444444445,0.4083845615386963,0.9994811859999999
9,1746,125.0,12.5,0,1,11.55,0.4637148380279541,0.9994189150000001
10,1856,25.0,2.5,0,1,10.727272727272727,0.28511595726013184,0.9993822850000001
11,2059,150.0,15.0,0,1,11.083333333333334,0.49390077590942383,0.9993146859999998
12,2210,130.0,13.0,0,1,11.23076923076923,0.3782804012298584,0.9992644030000001
13,2352,90.0,9.0,0,1,11.071428571428571,0.36647582054138184,0.9992171169999998
14,2465,50.0,5.0,0,1,10.666666666666666,0.29852867126464844,0.9991794880000001
15,2573,75.0,7.5,0,1,10.46875,0.2821669578552246,0.9991435240000002
16,2735,65.0,6.5,0,1,10.235294117647058,0.4202766418457031,0.9990895780000001
17,2813,60.0,6.0,0,1,10.0,0.2071983814239502,0.999063604
18,3062,420.0,42.0,1,1,11.68421052631579,0.5895211696624756,0.9989806870000001
19,3276,155.0,15.5,0,1,11.875,0.5300414562225342,0.9989094249999999
20,3451,125.0,12.5,0,1,11.904761904761905,0.42368078231811523,0.9988511499999999
21,3728,395.0,39.5,1,1,13.159090909090908,0.6641900539398193,0.998758909
22,3846,40.0,4.0,0,1,12.76086956521739,0.30864548683166504,0.998719615
23,3968,55.0,5.5,0,1,12.458333333333334,0.30717897415161133,0.998678989
24,4113,90.0,9.0,0,1,12.32,0.3702552318572998,0.9986307040000002
25,4265,105.0,10.5,0,1,12.25,0.3808009624481201,0.9985800879999999
26,4541,470.0,47.0,1,1,13.537037037037036,0.6524217128753662,0.9984881800000002
27,4624,20.0,2.0,0,1,13.125,0.24179387092590332,0.9984605409999999
28,4898,270.0,27.0,1,1,13.60344827586207,0.6474668979644775,0.9983692989999998
29,5015,105.0,10.5,0,1,13.5,0.30449843406677246,0.998330338
30,5149,85.0,8.5,0,1,13.338709677419354,0.33667469024658203,0.9982857159999998
31,5324,195.0,19.5,0,1,13.53125,0.4335470199584961,0.9982274409999998
32,5448,55.0,5.5,0,1,13.287878787878787,0.32467150688171387,0.9981861490000001
33,5625,80.0,8.0,0,1,13.132352941176471,0.4395406246185303,0.9981272080000001
34,5800,105.0,10.5,0,1,13.057142857142857,0.43224382400512695,0.9980689330000001
35,5882,50.0,5.0,0,1,12.833333333333334,0.22099018096923828,0.9980416270000001
36,5980,30.0,3.0,0,1,12.567567567567568,0.2507185935974121,0.9980089929999999
37,6107,60.0,6.0,0,1,12.394736842105264,0.32632875442504883,0.9979667019999999
38,6219,105.0,10.5,0,1,12.346153846153847,0.28423309326171875,0.997929406
39,6407,105.0,10.5,0,1,12.3,0.4599452018737793,0.997866802
40,6680,230.0,23.0,1,1,12.560975609756097,0.649721622467041,0.9977758929999998
41,6892,160.0,16.0,0,1,12.642857142857142,0.5254395008087158,0.997705297
42,7103,410.0,41.0,1,1,13.30232558139535,0.5185024738311768,0.997635034
43,7235,40.0,4.0,0,1,13.090909090909092,0.3400440216064453,0.9975910779999999
44,7414,165.0,16.5,0,1,13.166666666666666,0.4473288059234619,0.9975314710000002
45,7529,95.0,9.5,0,1,13.08695652173913,0.2968568801879883,0.997493176
46,7772,200.0,20.0,0,1,13.23404255319149,0.5953435897827148,0.9974122570000001
47,7930,120.0,12.0,0,1,13.208333333333334,0.39611077308654785,0.997359643
48,8057,55.0,5.5,0,1,13.051020408163266,0.3248872756958008,0.9973173520000002
49,8209,135.0,13.5,0,1,13.06,0.37624096870422363,0.9972667360000002
50,8326,75.0,7.5,0,1,13.07,0.30314064025878906,0.9972277749999999
51,8407,50.0,5.0,0,1,13.0,0.22673869132995605,0.997200802
52,8556,120.0,12.0,0,1,13.14,0.3694608211517334,0.997151185
53,8747,185.0,18.5,0,1,13.35,0.46340155601501465,0.9970875820000001
54,8828,40.0,4.0,0,1,13.05,0.21755528450012207,0.9970606089999999
55,8947,100.0,10.0,0,1,13.1,0.3076796531677246,0.9970209820000001
56,9087,40.0,4.0,0,1,12.67,0.3505561351776123,0.9969743619999999
57,9193,60.0,6.0,0,1,12.54,0.27837467193603516,0.996939064
58,9273,50.0,5.0,0,1,12.44,0.21641969680786133,0.9969124239999999
59,9445,140.0,14.0,0,1,12.47,0.42122888565063477,0.9968551480000002
60,9642,385.0,38.5,1,1,13.19,0.4858055114746094,0.9967895469999999
61,9873,410.0,41.0,2,2,13.71,0.5661985874176025,0.9967126240000002
62,9996,30.0,3.0,0,2,13.51,0.31303954124450684,0.9966716649999998
63,10108,65.0,6.5,0,2,13.46,0.37866830825805664,0.9966343689999999
64,10292,185.0,18.5,0,2,13.73,0.46137499809265137,0.996573097
65,10562,175.0,17.5,0,2,13.93,0.644317626953125,0.9964831869999999
66,10722,340.0,34.0,1,2,14.48,0.40274548530578613,0.9964299069999999
67,10909,125.0,12.5,0,2,14.61,0.4610869884490967,0.9963676360000002
68,11110,195.0,19.5,0,2,14.16,0.4786646366119385,0.996300703
69,11246,105.0,10.5,0,2,14.06,0.34249067306518555,0.9962554150000001
70,11427,30.0,3.0,0,2,13.87,0.4472222328186035,0.996195142
71,11557,50.0,5.0,0,2,13.18,0.3322927951812744,0.9961518519999999
72,11723,145.0,14.5,0,2,13.39,0.4129672050476074,0.9960965740000002
73,11890,120.0,12.0,0,2,13.52,0.4180169105529785,0.9960409629999999
74,12107,315.0,31.5,1,2,13.97,0.5198402404785156,0.9959687020000002
75,12340,220.0,22.0,2,2,14.2,0.5631940364837646,0.995891113
76,12519,135.0,13.5,0,2,13.53,0.43769025802612305,0.9958315059999999
77,12622,105.0,10.5,0,2,13.7,0.27322864532470703,0.9957972069999999
78,12828,185.0,18.5,0,2,13.53,0.5170676708221436,0.9957286090000002
79,12941,35.0,3.5,0,2,13.39,0.29068493843078613,0.9956909799999999
80,13060,110.0,11.0,0,2,13.44,0.3052523136138916,0.9956513530000001
81,13137,55.0,5.5,0,2,13.16,0.21643781661987305,0.9956257119999999
82,13301,210.0,21.0,1,2,13.47,0.39889979362487793,0.9955710999999998
83,13506,465.0,46.5,2,2,14.24,0.4999392032623291,0.9955028349999999
84,13863,655.0,65.5,3,3,15.34,0.8297457695007324,0.995383954
85,13988,65.0,6.5,0,3,15.37,0.31955766677856445,0.9953423290000001
86,14220,150.0,15.0,0,3,15.61,0.5662596225738525,0.9952650730000001
87,14396,165.0,16.5,0,3,15.82,0.4334433078765869,0.9952064649999999
88,14612,180.0,18.0,0,3,15.97,0.5278885364532471,0.995134537
89,14733,60.0,6.0,0,3,15.88,0.3061532974243164,0.9950942440000001
90,14897,105.0,10.5,0,3,15.63,0.3995847702026367,0.9950396320000001
91,15118,200.0,20.0,0,3,15.71,0.5301628112792969,0.994966039
92,15254,20.0,2.0,0,3,14.93,0.3511545658111572,0.9949207510000002
93,15338,45.0,4.5,0,3,14.94,0.22034716606140137,0.9948927790000001
94,15646,445.0,44.5,1,3,15.5,0.7077536582946777,0.9947902150000001
95,16013,385.0,38.5,2,3,16.08,0.8250701427459717,0.9946680040000001
96,16193,385.0,38.5,3,3,16.45,0.4376108646392822,0.9946080639999999
97,16346,220.0,22.0,4,4,16.65,0.383481502532959,0.9945571150000001
98,16495,115.0,11.5,0,4,16.77,0.3727993965148926,0.9945074979999999
99,16642,90.0,9.0,0,4,16.68,0.36839985847473145,0.9944585470000001
100,16795,140.0,14.0,0,4,16.81,0.3802757263183594,0.994407598
101,16987,135.0,13.5,0,4,16.98,0.47347068786621094,0.994343662
102,17104,110.0,11.0,0,4,16.96,0.2965271472930908,0.9943047009999998
103,17282,130.0,13.0,0,4,16.85,0.4478449821472168,0.994245427
104,17515,210.0,21.0,1,4,17.19,0.566622257232666,0.9941678380000002
105,17664,85.0,8.5,0,4,17.16,0.3758811950683594,0.994118221
106,17773,100.0,10.0,0,4,17.28,0.295607328414917,0.9940819239999998
107,17933,40.0,4.0,0,4,17.24,0.4025542736053467,0.9940286439999998
108,18108,35.0,3.5,0,4,17.21,0.43473267555236816,0.9939703689999998
109,18229,80.0,8.0,0,4,17.09,0.3044095039367676,0.9939300759999999
110,18346,75.0,7.5,0,4,16.47,0.3009154796600342,0.9938911150000002
111,18508,40.0,4.0,0,4,15.73,0.4090111255645752,0.9938371690000001
112,18773,410.0,41.0,1,4,16.49,0.6204357147216797,0.9937489239999999
113,19018,225.0,22.5,2,4,16.81,0.5875184535980225,0.9936673389999999
114,19106,85.0,8.5,0,4,16.61,0.2341926097869873,0.9936380349999999
115,19267,160.0,16.0,0,4,16.58,0.40204882621765137,0.993584422
116,19386,65.0,6.5,0,4,16.03,0.3003664016723633,0.9935447950000001
117,19552,80.0,8.0,0,4,15.94,0.40663623809814453,0.993489517
118,19742,165.0,16.5,0,4,15.88,0.470109224319458,0.993426247
119,19886,70.0,7.0,0,4,15.81,0.3629190921783447,0.9933782950000002
120,20041,135.0,13.5,0,4,16.02,0.3804628849029541,0.99332668
121,20165,20.0,2.0,0,4,15.96,0.3204045295715332,0.9932853879999999
122,20352,165.0,16.5,0,4,16.0,0.4697592258453369,0.9932231170000001
123,20525,185.0,18.5,0,4,16.13,0.42520952224731445,0.9931655080000001
124,20771,315.0,31.5,1,4,16.13,0.5732908248901367,0.99308359
125,20984,80.0,8.0,0,4,15.85,0.5216422080993652,0.993012661
126,21066,35.0,3.5,0,4,15.65,0.22373318672180176,0.992985355
127,21319,230.0,23.0,1,4,15.9,0.5897436141967773,0.9929011059999999
128,21546,400.0,40.0,2,4,16.33,0.5466125011444092,0.9928255150000002
129,21680,80.0,8.0,0,4,16.42,0.3413074016571045,0.9927808929999999
130,21942,475.0,47.5,1,4,17.15,0.6199541091918945,0.9926936470000001
131,22037,75.0,7.5,0,4,17.19,0.24687981605529785,0.992662012
132,22175,20.0,2.0,0,4,16.81,0.33947277069091797,0.9926160579999999
133,22417,400.0,40.0,1,4,16.68,0.5835344791412354,0.9925354720000001
134,22644,160.0,16.0,0,4,15.69,0.5468595027923584,0.992459881
135,22817,135.0,13.5,0,4,15.83,0.4251534938812256,0.992402272
136,22977,120.0,12.0,0,4,15.77,0.39502716064453125,0.9923489919999999
137,23149,180.0,18.0,0,4,15.8,0.42002105712890625,0.9922917160000002
138,23234,50.0,5.0,0,4,15.54,0.22119641304016113,0.9922634109999999
139,23363,65.0,6.5,0,4,15.55,0.32462096214294434,0.9922204539999999
140,23488,90.0,9.0,0,4,15.52,0.318540096282959,0.9921788290000001
141,23714,230.0,23.0,1,4,15.58,0.5532889366149902,0.9921035710000001
142,23905,135.0,13.5,0,4,15.81,0.4697561264038086,0.9920399679999999
143,24061,190.0,19.0,0,4,16.1,0.379744291305542,0.99198802
144,24188,45.0,4.5,0,4,15.3,0.31914210319519043,0.991945729
145,24273,30.0,3.0,0,4,14.59,0.2337360382080078,0.9919174240000002
146,24445,195.0,19.5,0,4,14.21,0.41734933853149414,0.991860148
147,24659,215.0,21.5,1,4,14.2,0.5052483081817627,0.9917888860000001
148,24773,35.0,3.5,0,4,14.04,0.2969992160797119,0.9917509240000001
149,24930,135.0,13.5,0,4,14.13,0.3916747570037842,0.9916986429999999
150,25053,95.0,9.5,0,4,14.04,0.31819581985473633,0.9916576840000001
151,25236,165.0,16.5,0,4,14.1,0.4477272033691406,0.991596745
152,25454,185.0,18.5,0,4,14.25,0.5222973823547363,0.9915241510000001
153,25632,155.0,15.5,0,4,14.3,0.4436523914337158,0.9914648769999999
154,25789,135.0,13.5,0,4,14.15,0.3861832618713379,0.991412596
155,25978,350.0,35.0,1,4,14.68,0.4632411003112793,0.9913496589999998
156,26089,50.0,5.0,0,4,14.58,0.2971940040588379,0.9913126960000002
157,26202,95.0,9.5,0,4,14.69,0.28794336318969727,0.9912750669999999
158,26330,80.0,8.0,0,4,14.78,0.33219408988952637,0.9912324429999998
159,26494,130.0,13.0,0,4,14.88,0.4094691276550293,0.9911778310000001
160,26608,80.0,8.0,0,4,14.89,0.3105034828186035,0.9911398690000002
161,26817,95.0,9.5,0,4,15.0,0.507570743560791,0.9910702720000002
162,26907,80.0,8.0,0,4,14.34,0.2357635498046875,0.991040302
163,27108,145.0,14.5,0,4,14.18,0.48839449882507324,0.9909733690000001
164,27266,135.0,13.5,0,4,14.28,0.39916014671325684,0.9909207550000001
165,27414,140.0,14.0,0,4,14.24,0.38057732582092285,0.9908714710000002
166,27553,50.0,5.0,0,4,14.21,0.3577570915222168,0.9908251840000002
167,27671,20.0,2.0,0,4,14.09,0.3041963577270508,0.9907858900000002
168,27842,100.0,10.0,0,4,13.96,0.41863203048706055,0.9907289470000001
169,28045,105.0,10.5,0,4,14.03,0.4863090515136719,0.9906613479999998
170,28131,45.0,4.5,0,4,13.85,0.23276686668395996,0.9906327100000002
171,28338,180.0,18.0,0,4,14.17,0.5009245872497559,0.9905637789999998
172,28569,290.0,29.0,1,4,14.42,0.5455079078674316,0.990486856
173,28677,60.0,6.0,0,4,14.17,0.2844548225402832,0.9904508920000001
174,28849,125.0,12.5,0,4,13.79,0.42236781120300293,0.990393616
175,29116,215.0,21.5,1,4,14.06,0.6321671009063721,0.9903047050000001
176,29277,225.0,22.5,2,4,14.44,0.3994278907775879,0.9902510919999999
177,29417,90.0,9.0,0,4,14.16,0.352036714553833,0.9902044720000001
178,29568,135.0,13.5,0,4,13.63,0.3770623207092285,0.9901541889999999
179,29730,85.0,8.5,0,4,13.64,0.42040348052978516,0.9901002430000002
180,29942,230.0,23.0,1,4,13.15,0.5092790126800537,0.990029647
181,30095,155.0,15.5,0,4,13.31,0.38591575622558594,0.9899786979999998
182,30242,180.0,18.0,0,4,13.63,0.3734922409057617,0.9899297470000001
183,30349,45.0,4.5,0,4,12.92,0.2769744396209717,0.989894116
184,30525,155.0,15.5,0,4,12.91,0.42921996116638184,0.9898355080000002
185,30681,50.0,5.0,0,4,12.74,0.39544677734375,0.9897835600000001
186,30938,270.0,27.0,1,4,13.04,0.6043593883514404,0.9896979790000001
187,31036,40.0,4.0,0,4,12.76,0.2511630058288574,0.9896653449999999
188,31149,55.0,5.5,0,4,12.77,0.29741811752319336,0.9896277160000001
189,31234,15.0,1.5,0,4,12.67,0.22400283813476562,0.9895994109999998
190,31410,110.0,11.0,0,4,12.71,0.429140567779541,0.989540803
191,31572,85.0,8.5,0,4,12.42,0.4084944725036621,0.9894868569999999
192,31761,130.0,13.0,0,4,12.41,0.46682238578796387,0.9894239200000001
193,31897,125.0,12.5,0,4,12.28,0.34464049339294434,0.989378632
194,31982,55.0,5.5,0,4,12.3,0.22375845909118652,0.989350327
195,32099,45.0,4.5,0,4,12.33,0.3071706295013428,0.9893113659999999
196,32297,70.0,7.0,0,4,12.08,0.4834761619567871,0.9892454319999998
197,32506,200.0,20.0,0,4,12.05,0.512444019317627,0.9891758349999998
198,32659,110.0,11.0,0,4,12.2,0.39792823791503906,0.989124886
199,32780,5.0,0.5,0,4,11.94,0.3102080821990967,0.9890845930000002
200,32934,85.0,8.5,0,4,11.92,0.39093565940856934,0.9890333109999998
201,33105,155.0,15.5,0,4,11.9,0.43299293518066406,0.9889763679999999
202,33256,90.0,9.0,0,4,11.71,0.3798954486846924,0.988926085
203,33444,125.0,12.5,0,4,11.65,0.45925474166870117,0.9888634810000001
204,33605,135.0,13.5,0,4,11.65,0.3935356140136719,0.9888098679999998
205,33761,120.0,12.0,0,4,11.19,0.3975863456726074,0.9887579199999998
206,33913,125.0,12.5,0,4,11.34,0.3770945072174072,0.9887073039999998
207,34002,30.0,3.0,0,4,11.21,0.23470568656921387,0.9886776669999999
208,34141,100.0,10.0,0,4,11.25,0.34528207778930664,0.98863138
209,34334,185.0,18.5,0,4,11.36,0.46936845779418945,0.988567111
210,34457,135.0,13.5,0,4,11.47,0.30993032455444336,0.9885261519999998
211,34747,370.0,37.0,1,4,12.02,0.6720092296600342,0.988429582
212,34904,150.0,15.0,0,4,12.16,0.3900914192199707,0.9883773010000002
213,35031,30.0,3.0,0,4,11.93,0.3302006721496582,0.9883350099999999
214,35117,15.0,1.5,0,4,11.69,0.23476052284240723,0.9883063720000002
215,35354,300.0,30.0,1,4,12.01,0.5500826835632324,0.988227451
216,35444,20.0,2.0,0,4,11.95,0.2389392852783203,0.9881974810000002
217,35545,45.0,4.5,0,4,12.0,0.2675328254699707,0.9881638480000001
218,35731,135.0,13.5,0,4,12.07,0.4575645923614502,0.9881019099999998
219,35813,55.0,5.5,0,4,11.97,0.21720218658447266,0.9880746040000001
220,36004,290.0,29.0,1,4,12.46,0.46251606941223145,0.9880110009999999
221,36134,135.0,13.5,0,4,12.37,0.3338477611541748,0.9879677109999999
222,36284,50.0,5.0,0,4,11.89,0.37876439094543457,0.987917761
223,36427,130.0,13.0,0,4,12.03,0.35069799423217773,0.9878701419999998
224,36611,195.0,19.5,0,4,12.17,0.4532623291015625,0.98780887
225,36751,35.0,3.5,0,4,11.81,0.3500800132751465,0.9877622500000001
226,36873,75.0,7.5,0,4,11.51,0.30347514152526855,0.987721624
227,37013,120.0,12.0,0,4,11.57,0.35068178176879883,0.9876750040000001
228,37120,30.0,3.0,0,4,11.36,0.280928373336792,0.987639373
229,37241,70.0,7.0,0,4,11.33,0.3161611557006836,0.9875990800000002
230,37366,35.0,3.5,0,4,10.94,0.32312965393066406,0.9875574549999999
231,37554,245.0,24.5,1,4,11.12,0.46616625785827637,0.9874948509999999
232,37689,65.0,6.5,0,4,10.89,0.3532717227935791,0.987449896
233,37871,135.0,13.5,0,4,11.07,0.4494483470916748,0.9873892900000001
234,38028,160.0,16.0,0,4,11.08,0.3996095657348633,0.9873370089999999
235,38295,195.0,19.5,0,4,11.37,0.6305937767028809,0.987248098
236,38453,80.0,8.0,0,4,10.99,0.39318299293518066,0.987195484
237,38660,170.0,17.0,0,4,11.25,0.5100088119506836,0.9871265530000001
238,38795,105.0,10.5,0,4,11.35,0.33407020568847656,0.9870815980000001
239,38948,135.0,13.5,0,4,11.59,0.38318586349487305,0.9870306489999999
240,39212,230.0,23.0,1,4,11.83,0.6288692951202393,0.986942737
241,39365,180.0,18.0,0,4,12.02,0.3811380863189697,0.9868917880000002
242,39487,65.0,6.5,0,4,11.89,0.3139805793762207,0.9868511620000001
243,39667,185.0,18.5,0,4,12.01,0.4485130310058594,0.9867912219999999
244,39891,260.0,26.0,1,4,12.42,0.5356075763702393,0.98671663
245,39957,15.0,1.5,0,4,12.36,0.19137907028198242,0.9866946520000001
246,40095,100.0,10.0,0,4,12.42,0.35544872283935547,0.9866486979999999
247,40223,80.0,8.0,0,4,12.18,0.32120203971862793,0.9866060740000001
248,40375,125.0,12.5,0,4,12.21,0.377748966217041,0.9865554580000001
249,40470,55.0,5.5,0,4,12.31,0.24360871315002441,0.9865238230000001
250,40681,205.0,20.5,1,4,12.55,0.5149168968200684,0.9864535600000002
251,40886,155.0,15.5,0,4,12.55,0.5054950714111328,0.9863852949999998
252,41135,280.0,28.0,1,4,12.93,0.5948145389556885,0.9863023779999999
253,41291,110.0,11.0,0,4,12.9,0.385408878326416,0.9862504299999998
254,41442,105.0,10.5,0,4,12.84,0.38196730613708496,0.986200147
255,41534,80.0,8.0,0,4,12.76,0.25032472610473633,0.9861695109999999
256,41738,120.0,12.0,0,4,12.75,0.499830961227417,0.9861015790000002
257,41826,35.0,3.5,0,4,12.76,0.2380847930908203,0.986072275
258,42084,230.0,23.0,1,4,13.02,0.6080176830291748,0.9859863609999998
259,42197,65.0,6.5,0,4,12.78,0.29700350761413574,0.985948732
260,42345,125.0,12.5,0,4,12.76,0.37421512603759766,0.9858994480000001
261,42713,605.0,60.5,1,4,13.23,0.8446059226989746,0.985776904
262,42954,285.0,28.5,2,4,13.5,0.5758328437805176,0.985696651
263,43128,155.0,15.5,0,4,13.75,0.43264317512512207,0.9856387090000002
264,43391,185.0,18.5,0,4,14.09,0.6224565505981445,0.98555113
265,43553,110.0,11.0,0,4,13.71,0.4029867649078369,0.985497184
266,43742,280.0,28.0,1,4,14.23,0.4676625728607178,0.9854342469999998
267,43876,20.0,2.0,0,4,14.18,0.33538079261779785,0.985389625
268,44027,125.0,12.5,0,4,14.16,0.3737599849700928,0.9853393419999998
269,44117,30.0,3.0,0,4,14.11,0.24685883522033691,0.9853093720000001
270,44191,20.0,2.0,0,4,13.57,0.2003011703491211,0.9852847300000002
271,44275,50.0,5.0,0,4,13.4,0.21973633766174316,0.9852567580000001
272,44471,245.0,24.5,1,4,13.79,0.47039222717285156,0.9851914900000001
273,44611,65.0,6.5,0,4,13.66,0.34427428245544434,0.9851448699999998
274,44793,155.0,15.5,0,4,13.58,0.44890713691711426,0.9850842639999999
275,44938,105.0,10.5,0,4,13.72,0.3573172092437744,0.9850359789999998
276,45183,215.0,21.5,1,4,14.0,0.5842592716217041,0.984954394
277,45346,180.0,18.0,0,4,14.12,0.40535759925842285,0.984900115
278,45547,315.0,31.5,1,4,14.69,0.492511510848999,0.9848331820000001
279,45783,210.0,21.0,2,4,14.97,0.5684480667114258,0.9847545940000001
280,45880,65.0,6.5,0,4,15.03,0.2500264644622803,0.984722293
281,46014,90.0,9.0,0,4,14.72,0.3372795581817627,0.9846776709999999
282,46225,405.0,40.5,1,4,15.4,0.5107779502868652,0.9846074079999999
283,46299,35.0,3.5,0,4,15.2,0.19947504997253418,0.9845827659999999
284,46626,595.0,59.5,1,4,16.07,0.7431457042694092,0.9844738749999999
285,46799,315.0,31.5,2,4,16.31,0.4362978935241699,0.984416266
286,47036,350.0,35.0,3,4,16.85,0.5556595325469971,0.9843373450000001
287,47185,70.0,7.0,0,4,16.65,0.3766794204711914,0.984287728
288,47271,55.0,5.5,0,4,16.55,0.23712611198425293,0.9842590899999999
289,47488,150.0,15.0,0,4,16.58,0.5328943729400635,0.9841868289999999
290,47707,345.0,34.5,1,4,16.81,0.5275719165802002,0.9841139020000002
291,47953,285.0,28.5,2,4,17.02,0.5816841125488281,0.984031984
292,48067,55.0,5.5,0,4,17.0,0.2944958209991455,0.983994022
293,48370,230.0,23.0,1,4,17.09,0.7220640182495117,0.9838931229999999
294,48477,120.0,12.0,0,4,16.81,0.2845122814178467,0.9838574920000002
295,48647,110.0,11.0,0,4,17.0,0.4126453399658203,0.983800882
296,48864,210.0,21.0,1,4,17.22,0.5335657596588135,0.9837286209999999
297,48975,40.0,4.0,0,4,17.14,0.2842082977294922,0.9836916579999998
298,49246,290.0,29.0,1,4,17.47,0.6398744583129883,0.983601415
299,49400,165.0,16.5,0,4,17.69,0.37569665908813477,0.983550133
300,49550,110.0,11.0,0,4,17.5,0.38361310958862305,0.9835001830000001
301,49698,225.0,22.5,1,4,17.64,0.3702726364135742,0.9834508990000002
302,49787,90.0,9.0,0,4,17.26,0.23413515090942383,0.9834212619999998
303,49869,35.0,3.5,0,4,17.11,0.2192058563232422,0.9833939560000001
304,49991,80.0,8.0,0,4,17.06,0.3078651428222656,0.9833533300000001
305,50109,50.0,5.0,0,4,17.0,2.1106505393981934,0.9833140360000001
306,50192,55.0,5.5,0,4,16.87,0.3394815921783447,0.9832863969999999
307,50344,115.0,11.5,0,4,17.03,0.5880289077758789,0.9832357809999999
308,50432,55.0,5.5,0,4,16.68,0.3579568862915039,0.9832064770000001
309,50580,220.0,22.0,1,4,16.99,0.5674726963043213,0.9831571930000002
310,50783,265.0,26.5,2,4,17.27,0.7485048770904541,0.9830895939999998
311,50903,50.0,5.0,0,4,16.16,0.4642174243927002,0.9830496339999999
312,51095,135.0,13.5,0,4,15.86,0.753791332244873,0.9829856979999999
313,51204,10.0,1.0,0,4,15.57,0.429110050201416,0.9829494010000001
314,51397,40.0,4.0,0,4,15.28,0.7587935924530029,0.9828851319999999
315,51514,130.0,13.0,0,4,15.32,0.46303629875183105,0.982846171
316,51634,30.0,3.0,0,4,14.82,0.48964834213256836,0.9828062110000001
317,51882,225.0,22.5,1,4,15.23,0.9381601810455322,0.9827236269999999
318,51992,40.0,4.0,0,4,15.06,0.4281191825866699,0.982686997
319,52155,135.0,13.5,0,4,15.27,0.6291053295135498,0.9826327180000001
320,52265,55.0,5.5,0,4,15.34,0.43790197372436523,0.9825960880000001
321,52349,65.0,6.5,0,4,15.37,0.35193347930908203,0.982568116
322,52463,35.0,3.5,0,4,14.95,0.45363950729370117,0.9825301540000001
323,52613,80.0,8.0,0,4,14.98,0.5809621810913086,0.9824802040000001
324,52730,110.0,11.0,0,4,14.89,0.4595053195953369,0.9824412429999999
325,52982,285.0,28.5,1,4,15.25,0.9340705871582031,0.9823573270000001
326,53063,10.0,1.0,0,4,14.84,0.32918667793273926,0.9823303539999999
327,53145,35.0,3.5,0,4,14.55,0.3240232467651367,0.9823030479999998
328,53343,205.0,20.5,1,4,14.33,0.742163896560669,0.9822371140000001
329,53492,65.0,6.5,0,4,14.04,0.5684707164764404,0.982187497
330,53609,90.0,9.0,0,4,14.09,0.4570949077606201,0.9821485359999998
331,53816,240.0,24.0,1,4,14.39,0.7779154777526855,0.9820796049999999
332,53894,55.0,5.5,0,4,13.69,0.3197479248046875,0.9820536309999999
333,54057,155.0,15.5,0,4,13.93,0.628227949142456,0.981999352
334,54177,20.0,2.0,0,4,12.78,0.46796393394470215,0.9819593919999999
335,54396,130.0,13.0,0,4,12.41,0.8336575031280518,0.9818864649999999
336,54494,55.0,5.5,0,4,11.82,0.39968252182006836,0.981853831
337,54601,70.0,7.0,0,4,11.82,0.43015527725219727,0.9818182
338,54718,30.0,3.0,0,4,11.77,0.4579885005950928,0.9817792390000001
339,54970,190.0,19.0,0,4,11.85,0.9869167804718018,0.981695323
340,55089,55.0,5.5,0,4,11.27,0.4649782180786133,0.981655696
341,55177,35.0,3.5,0,4,10.77,0.3471081256866455,0.981626392
342,55387,270.0,27.0,1,4,11.2,0.7908449172973633,0.9815564620000001
343,55498,45.0,4.5,0,4,10.83,0.4364035129547119,0.981519499
344,55628,105.0,10.5,0,4,10.8,0.49413514137268066,0.9814762089999999
345,55746,45.0,4.5,0,4,10.67,0.46161413192749023,0.9814369149999999
346,55833,80.0,8.0,0,4,10.41,0.34765005111694336,0.981407944
347,55993,135.0,13.5,0,4,10.6,0.6071426868438721,0.9813546639999999
348,56102,30.0,3.0,0,4,10.08,0.4318845272064209,0.9813183670000002
349,56387,415.0,41.5,1,4,10.58,1.0627739429473877,0.9812234619999999
350,56632,245.0,24.5,2,4,10.85,0.8987822532653809,0.9811418769999999
351,56797,185.0,18.5,0,4,10.77,0.6260006427764893,0.981086932
352,57024,410.0,41.0,1,4,11.41,0.8368163108825684,0.9810113409999999
353,57230,180.0,18.0,0,4,11.7,0.7849974632263184,0.9809427430000001
354,57347,45.0,4.5,0,4,11.63,0.46836066246032715,0.9809037819999998
355,57520,155.0,15.5,0,4,11.84,0.6665072441101074,0.9808461729999999
356,57599,20.0,2.0,0,4,11.77,0.333881139755249,0.980819866
357,57807,225.0,22.5,1,4,11.99,0.816927433013916,0.9807506019999999
358,57922,80.0,8.0,0,4,12.04,0.4820258617401123,0.9807123070000001
359,58112,50.0,5.0,0,4,11.7,0.7503669261932373,0.9806490370000002
360,58273,155.0,15.5,0,4,11.48,0.6504743099212646,0.9805954239999999
361,58490,135.0,13.5,0,4,11.65,0.8152554035186768,0.9805231629999999
362,58636,130.0,13.0,0,4,11.64,0.5543115139007568,0.980474545
363,58722,55.0,5.5,0,4,11.73,0.35176634788513184,0.9804459069999999
364,58943,90.0,9.0,0,4,11.83,0.8390445709228516,0.9803723140000001
365,59080,65.0,6.5,0,4,11.7,0.5308594703674316,0.9803266930000001
366,59204,35.0,3.5,0,4,11.71,0.48801422119140625,0.9802854010000001
367,59409,140.0,14.0,0,4,11.54,0.7777097225189209,0.9802171360000002
368,59559,35.0,3.5,0,4,11.53,0.5866680145263672,0.9801671860000002
369,59642,40.0,4.0,0,4,11.34,0.33281826972961426,0.9801395469999999
370,59869,200.0,20.0,0,4,11.63,0.8542945384979248,0.9800639560000002
371,60007,45.0,4.5,0,4,11.59,0.5309951305389404,0.9800180019999999
372,60230,340.0,34.0,1,4,12.2,0.8262624740600586,0.9799437429999999
373,60424,175.0,17.5,0,4,12.39,0.7373521327972412,0.9798791410000002
374,60503,35.0,3.5,0,4,12.24,0.31669116020202637,0.979852834
375,60666,135.0,13.5,0,4,11.94,0.632697343826294,0.9797985550000001
376,60748,50.0,5.0,0,4,12.02,0.328310489654541,0.979771249
377,60826,80.0,8.0,0,4,12.11,0.32101893424987793,0.9797452750000001
378,60944,50.0,5.0,0,4,11.8,0.4617960453033447,0.9797059810000001
379,61130,80.0,8.0,0,4,11.83,0.721729040145874,0.9796440430000001
380,61396,385.0,38.5,1,4,12.42,1.0143840312957764,0.9795554650000001
381,61476,55.0,5.5,0,4,12.05,0.3403615951538086,0.979528825
382,61637,380.0,38.0,1,4,12.7,0.6259667873382568,0.9794752119999999
383,61778,105.0,10.5,0,4,12.6,0.5444438457489014,0.9794282590000002
384,61968,215.0,21.5,1,4,12.99,0.7162268161773682,0.9793649889999998
385,62096,25.0,2.5,0,4,12.78,0.5017991065979004,0.979322365
386,62198,90.0,9.0,0,4,12.85,0.40198707580566406,0.9792883989999999
387,62401,180.0,18.0,0,4,13.07,0.7656447887420654,0.9792207999999999
388,62524,130.0,13.0,0,4,13.27,0.4717855453491211,0.979179841
389,62691,215.0,21.5,1,4,13.32,0.6419587135314941,0.9791242300000002
390,62839,80.0,8.0,0,4,13.37,0.5657379627227783,0.9790749460000001
391,62961,110.0,11.0,0,4,13.52,0.47912120819091797,0.9790343200000001
392,63108,110.0,11.0,0,4,13.2,0.5571944713592529,0.978985369
393,63218,80.0,8.0,0,4,13.27,0.43365001678466797,0.978948739
394,63334,135.0,13.5,0,4,13.33,0.44750475883483887,0.978910111
395,63615,515.0,51.5,1,4,14.27,1.030670166015625,0.9788165380000001
396,63790,150.0,15.0,0,4,14.41,0.6700458526611328,0.9787582630000001
397,63918,50.0,5.0,0,4,14.24,0.4907188415527344,0.978715639
398,64094,145.0,14.5,0,4,14.47,0.674752950668335,0.9786570310000001
399,64250,90.0,9.0,0,4,13.82,0.6144487857818604,0.9786050830000002
400,64416,95.0,9.5,0,4,13.52,0.6300766468048096,0.978549805
401,64532,90.0,9.0,0,4,13.33,0.4459059238433838,0.978511177
402,64656,35.0,3.5,0,4,12.58,0.49916839599609375,0.978469885
403,64776,35.0,3.5,0,4,12.29,0.49184346199035645,0.9784299249999999
404,64881,60.0,6.0,0,4,12.32,0.41497373580932617,0.9783949599999998
405,65033,130.0,13.0,0,4,12.27,0.5717194080352783,0.9783443439999998
406,65242,240.0,24.0,1,4,12.71,0.788628101348877,0.978274747
407,65328,55.0,5.5,0,4,12.37,0.3415186405181885,0.9782461090000002
408,65505,125.0,12.5,0,4,12.46,0.6850872039794922,0.9781871680000002
409,65694,175.0,17.5,0,4,12.71,0.7187941074371338,0.978124231
410,65967,295.0,29.5,1,4,12.99,1.0050601959228516,0.9780333220000001
411,66050,45.0,4.5,0,4,12.81,0.33533763885498047,0.9780056829999999
412,66285,405.0,40.5,1,4,13.36,0.8860335350036621,0.9779274280000001
413,66421,20.0,2.0,0,4,13.29,0.5340688228607178,0.9778821399999998
414,66519,55.0,5.5,0,4,13.22,0.3921487331390381,0.9778495060000001
415,66654,135.0,13.5,0,4,13.36,0.5353279113769531,0.9778045510000001
416,66862,230.0,23.0,1,4,13.75,0.7701797485351562,0.9777352869999999
417,67076,480.0,48.0,2,4,14.43,0.8108413219451904,0.977664025
418,67290,260.0,26.0,3,4,14.88,0.7979686260223389,0.9775927629999999
419,67409,50.0,5.0,0,4,14.9,0.4745299816131592,0.977553136
420,67634,300.0,30.0,1,4,15.1,0.8488404750823975,0.9774782109999999
421,67792,120.0,12.0,0,4,15.25,0.6144559383392334,0.9774255969999999
422,67913,10.0,1.0,0,4,14.59,0.4832179546356201,0.977385304
423,68017,80.0,8.0,0,4,14.4,0.4395284652709961,0.9773506720000001
424,68122,10.0,1.0,0,4,14.35,0.4288763999938965,0.977315707
425,68272,115.0,11.5,0,4,14.31,0.5860795974731445,0.9772657570000001
426,68513,270.0,27.0,1,4,14.75,0.9023964405059814,0.9771855040000001
427,68678,135.0,13.5,0,4,14.86,0.6244876384735107,0.9771305589999999
428,68944,255.0,25.5,1,4,15.27,0.9768049716949463,0.977041981
429,69102,120.0,12.0,0,4,15.35,0.6140737533569336,0.9769893669999999
430,69247,105.0,10.5,0,4,14.79,0.5591795444488525,0.9769410820000002
431,69455,345.0,34.5,1,4,15.37,0.7847867012023926,0.976871818
432,69565,60.0,6.0,0,4,14.73,0.428877592086792,0.9768351880000001
433,69775,235.0,23.5,1,4,14.99,0.7862939834594727,0.9767652579999999
434,69851,50.0,5.0,0,4,14.66,0.30169224739074707,0.9767399499999999
435,70006,110.0,11.0,0,4,14.83,0.5927402973175049,0.9766883350000001
436,70196,150.0,15.0,0,4,14.95,0.7206611633300781,0.9766250650000001
437,70385,225.0,22.5,1,4,15.04,0.7196567058563232,0.976562128
438,70465,65.0,6.5,0,4,14.91,0.33554863929748535,0.976535488
439,70614,155.0,15.5,0,4,14.79,0.5745749473571777,0.9764858709999998
440,70764,160.0,16.0,0,4,14.95,0.5952258110046387,0.9764359209999999
441,70921,240.0,24.0,1,4,15.21,0.6124296188354492,0.97638364
442,71046,25.0,2.5,0,4,15.04,0.506303071975708,0.9763420150000002
443,71141,35.0,3.5,0,4,14.95,0.39307141304016113,0.9763103800000001
444,71220,75.0,7.5,0,4,14.83,0.3409445285797119,0.976284073
445,71330,50.0,5.0,0,4,13.9,0.45314645767211914,0.976247443
446,71526,200.0,20.0,0,4,14.0,0.7474346160888672,0.9761821749999999
447,71737,110.0,11.0,0,4,14.12,0.7928593158721924,0.976111912
448,71898,205.0,20.5,1,4,14.24,0.61358642578125,0.9760582990000001
449,72062,160.0,16.0,0,4,14.38,0.6286606788635254,0.9760036870000001
450,72173,65.0,6.5,0,4,14.32,0.4328603744506836,0.9759667239999998
451,72261,20.0,2.0,0,4,14.18,0.3574085235595703,0.9759374200000002
452,72341,20.0,2.0,0,4,14.15,0.312680721282959,0.9759107800000001
453,72510,190.0,19.0,0,4,14.46,0.6397092342376709,0.9758545030000002
454,72629,80.0,8.0,0,4,14.5,0.45553040504455566,0.9758148759999999
455,72824,285.0,28.5,1,4,14.81,0.7250804901123047,0.9757499410000001
456,72965,80.0,8.0,0,4,14.49,0.5514786243438721,0.9757029880000001
457,73068,45.0,4.5,0,4,14.47,0.40132856369018555,0.975668689
458,73272,250.0,25.0,1,4,14.72,0.7750985622406006,0.9756007569999999
459,73491,290.0,29.0,2,4,14.95,0.8270783424377441,0.9755278299999999
460,73603,50.0,5.0,0,4,14.46,0.4446542263031006,0.9754905339999999
461,73783,155.0,15.5,0,4,14.68,0.6912393569946289,0.975430594
462,74056,245.0,24.5,1,4,14.36,1.039247989654541,0.9753396850000001
463,74184,85.0,8.5,0,4,14.49,0.5236659049987793,0.975297061
464,74337,160.0,16.0,0,4,14.7,0.6167693138122559,0.9752461119999999
465,74541,175.0,17.5,0,4,14.78,0.8049774169921875,0.9751781800000001
466,74655,15.0,1.5,0,4,14.35,0.45482730865478516,0.9751402180000002
467,74885,140.0,14.0,0,4,13.67,0.868419885635376,0.9750636280000001
468,74981,65.0,6.5,0,4,13.28,0.3779013156890869,0.97503166
469,75176,135.0,13.5,0,4,13.45,0.7316632270812988,0.9749667250000001
470,75375,120.0,12.0,0,4,13.09,0.7560341358184814,0.9749004579999999
471,75523,140.0,14.0,0,4,13.13,0.5717582702636719,0.974851174
472,75673,180.0,18.0,0,4,13.47,0.5743532180786133,0.974801224
473,75787,55.0,5.5,0,4,13.42,0.43547582626342773,0.9747632620000001
474,75935,50.0,5.0,0,4,13.5,0.561995267868042,0.974713978
475,76060,35.0,3.5,0,4,13.34,0.48305177688598633,0.9746723529999998
476,76218,130.0,13.0,0,4,13.06,0.6039247512817383,0.9746197390000002
477,76457,170.0,17.0,0,4,13.13,0.8871090412139893,0.9745401519999999
478,76598,70.0,7.0,0,4,12.76,0.5456259250640869,0.9744931989999999
479,76722,105.0,10.5,0,4,12.73,0.48071932792663574,0.9744519070000002
480,76877,145.0,14.5,0,4,12.81,0.5952582359313965,0.9744002919999999
481,77145,315.0,31.5,1,4,12.75,1.0070555210113525,0.974311048
482,77349,410.0,41.0,2,4,13.45,0.8046102523803711,0.9742431159999999
483,77465,35.0,3.5,0,4,13.05,0.4640951156616211,0.9742044879999998
484,77631,150.0,15.0,0,4,13.25,0.6554625034332275,0.9741492100000001
485,77832,175.0,17.5,0,4,13.38,0.8021812438964844,0.9740822769999998
486,78061,155.0,15.5,0,4,13.39,0.8636832237243652,0.97400602
487,78315,505.0,50.5,1,4,13.95,0.9345264434814453,0.9739214379999999
488,78462,85.0,8.5,0,4,13.99,0.5623102188110352,0.9738724870000001
489,78687,325.0,32.5,1,4,14.33,0.8260886669158936,0.973797562
490,78828,85.0,8.5,0,4,14.18,0.5383443832397461,0.9737506089999999
491,78908,50.0,5.0,0,4,13.8,0.3205223083496094,0.9737239689999999
492,79032,80.0,8.0,0,4,13.91,0.48895883560180664,0.9736826769999998
493,79184,120.0,12.0,0,4,14.08,0.5818057060241699,0.9736320609999999
494,79390,170.0,17.0,0,4,14.27,0.7757561206817627,0.9735634630000001
495,79514,115.0,11.5,0,4,14.4,0.48440098762512207,0.973522171
496,79629,35.0,3.5,0,4,14.07,0.4587078094482422,0.9734838759999999
497,79784,105.0,10.5,0,4,14.06,0.5944995880126953,0.973432261
498,79911,160.0,16.0,0,4,13.97,0.4932374954223633,0.97338997
499,79991,20.0,2.0,0,4,13.69,0.33203887939453125,0.9733633300000001
500,80134,105.0,10.5,0,4,13.77,0.5543670654296875,0.973315711
501,80319,125.0,12.5,0,4,13.98,0.7238469123840332,0.9732541059999998
502,80530,225.0,22.5,1,4,14.39,0.7931463718414307,0.9731838429999999
503,80688,130.0,13.0,0,4,14.27,0.596280574798584,0.9731312289999998
504,80802,45.0,4.5,0,4,14.2,0.4858872890472412,0.9730932669999999
505,81025,250.0,25.0,1,4,14.13,0.8881640434265137,0.9730190080000002
506,81191,155.0,15.5,0,4,14.28,0.645665168762207,0.97296373
507,81437,145.0,14.5,0,4,14.48,0.9387035369873047,0.9728818119999999
508,81527,45.0,4.5,0,4,14.07,0.3617970943450928,0.9728518420000002
509,81635,70.0,7.0,0,4,13.63,0.4344167709350586,0.9728158779999998
510,81905,270.0,27.0,1,4,14.07,1.0055983066558838,0.9727259679999999
511,82055,90.0,9.0,0,4,13.94,0.5740442276000977,0.9726760179999999
512,82222,105.0,10.5,0,4,13.66,0.636995792388916,0.972620407
513,82373,125.0,12.5,0,4,13.74,0.5790889263153076,0.9725701240000002
514,82493,90.0,9.0,0,4,13.6,0.48415064811706543,0.9725301640000001
515,82628,80.0,8.0,0,4,13.41,0.5246560573577881,0.9724852090000001
516,82732,80.0,8.0,0,4,13.54,0.4223654270172119,0.9724505769999999
517,82872,60.0,6.0,0,4,13.38,0.545971155166626,0.972403957
518,83011,35.0,3.5,0,4,13.32,0.5522556304931641,0.97235767
519,83080,35.0,3.5,0,4,13.12,0.28432273864746094,0.9723346929999999
520,83315,155.0,15.5,0,4,13.19,0.8895618915557861,0.9722564380000001
521,83430,95.0,9.5,0,4,13.1,0.45978450775146484,0.9722181429999999
522,83587,110.0,11.0,0,4,12.96,0.6118083000183105,0.972165862
523,83787,430.0,43.0,1,4,13.71,0.7784631252288818,0.972099262
524,84053,325.0,32.5,2,4,14.26,1.0083513259887695,0.972010684
525,84215,95.0,9.5,0,4,14.38,0.6361095905303955,0.9719567379999999
526,84441,185.0,18.5,0,4,14.49,0.9085946083068848,0.97188148
527,84588,80.0,8.0,0,4,14.31,0.5694153308868408,0.9718325289999998
528,84680,20.0,2.0,0,4,14.21,0.3768770694732666,0.9718018930000001
529,84770,55.0,5.5,0,4,14.11,0.3730192184448242,0.9717719229999999
530,84882,30.0,3.0,0,4,13.88,0.437272310256958,0.971734627
531,84974,20.0,2.0,0,4,13.29,0.36353206634521484,0.9717039909999998
532,85111,110.0,11.0,0,4,12.69,0.5289716720581055,0.9716583699999999
533,85260,140.0,14.0,0,4,12.9,0.5598716735839844,0.971608753
534,85372,40.0,4.0,0,4,12.68,0.4279747009277344,0.9715714570000001
535,85488,90.0,9.0,0,4,12.51,0.44876933097839355,0.9715328290000002
536,85614,105.0,10.5,0,4,12.41,0.4817476272583008,0.971490871
537,85914,515.0,51.5,1,4,12.43,1.0949275493621826,0.9713909710000002
538,86088,260.0,26.0,2,4,12.78,0.6459403038024902,0.971333029
539,86236,100.0,10.0,0,4,12.33,0.5666964054107666,0.971283745
540,86386,90.0,9.0,0,4,12.34,0.5776145458221436,0.9712337950000001
541,86510,100.0,10.0,0,4,12.44,0.4834468364715576,0.9711925029999999
542,86713,360.0,36.0,1,4,13.0,0.7712700366973877,0.9711249040000001
543,86851,60.0,6.0,0,4,12.88,0.5194664001464844,0.9710789499999998
544,87037,145.0,14.5,0,4,12.83,0.7263586521148682,0.9710170119999999
545,87158,35.0,3.5,0,4,12.67,0.498751163482666,0.970976719
546,87352,165.0,16.5,0,4,12.93,0.7768239974975586,0.970912117
547,87561,440.0,44.0,1,4,13.6,0.8332672119140625,0.97084252
548,87711,335.0,33.5,2,4,13.95,0.565779447555542,0.9707925700000001
549,87922,220.0,22.0,3,4,14.35,0.7876143455505371,0.9707223070000001
550,88149,205.0,20.5,4,4,14.55,0.8490374088287354,0.970646716
551,88322,180.0,18.0,0,4,14.66,0.6529154777526855,0.970589107
552,88452,30.0,3.0,0,4,14.27,0.5009698867797852,0.9705458169999999
553,88605,100.0,10.0,0,4,14.21,0.582409143447876,0.9704948680000001
554,88749,120.0,12.0,0,4,14.36,0.5417046546936035,0.9704469160000001
555,88855,40.0,4.0,0,4,13.94,0.4095127582550049,0.9704116179999999
556,88938,50.0,5.0,0,4,13.73,0.3304929733276367,0.970383979
557,89065,40.0,4.0,0,4,13.52,0.5018265247344971,0.9703416880000001
558,89148,90.0,9.0,0,4,13.61,0.33743882179260254,0.9703140489999998
559,89237,40.0,4.0,0,4,13.55,0.3550236225128174,0.9702844119999999
560,89478,190.0,19.0,0,4,13.39,0.9019880294799805,0.970204159
561,89629,40.0,4.0,0,4,13.29,0.5883686542510986,0.9701538759999998
562,89744,75.0,7.5,0,4,13.23,0.44219279289245605,0.9701155810000001
563,89877,65.0,6.5,0,4,13.11,0.5239031314849854,0.9700712920000001
564,89964,20.0,2.0,0,4,12.97,0.34410619735717773,0.9700423210000001
565,90121,140.0,14.0,0,4,13.09,0.6184380054473877,0.9699900399999999
566,90228,50.0,5.0,0,4,13.03,0.41919684410095215,0.9699544089999999
567,90409,175.0,17.5,0,4,13.26,0.7122476100921631,0.9698941360000002
568,90661,165.0,16.5,0,4,13.52,0.978787899017334,0.96981022
569,90884,160.0,16.0,0,4,13.77,0.8651609420776367,0.9697359609999998
570,91164,300.0,30.0,1,4,14.06,1.0223941802978516,0.9696427210000002
571,91313,85.0,8.5,0,4,14.04,0.5901458263397217,0.969593104
572,91502,130.0,13.0,0,4,14.08,0.7080733776092529,0.9695301669999998
573,91595,35.0,3.5,0,4,13.29,0.3745701313018799,0.9694991979999998
574,91752,105.0,10.5,0,4,12.85,0.5916192531585693,0.9694469170000001
575,91978,250.0,25.0,1,4,13.16,0.839571475982666,0.9693716590000001
576,92132,185.0,18.5,0,4,13.16,0.5776019096374512,0.9693203770000001
577,92323,110.0,11.0,0,4,13.22,0.7275876998901367,0.9692567739999999
578,92493,130.0,13.0,0,4,13.44,0.6458954811096191,0.9692001640000001
579,92649,160.0,16.0,0,4,13.65,0.5987458229064941,0.9691482160000001
580,92772,35.0,3.5,0,4,13.66,0.48427677154541016,0.9691072569999999
581,92865,45.0,4.5,0,4,13.71,0.3871004581451416,0.9690762879999999
582,93017,60.0,6.0,0,4,13.61,0.5968995094299316,0.9690256719999999
583,93270,195.0,19.5,0,4,13.72,0.9450442790985107,0.9689414229999999
584,93422,155.0,15.5,0,4,13.95,0.587515115737915,0.968890807
585,93528,65.0,6.5,0,4,13.9,0.4317357540130615,0.9688555090000001
586,93655,140.0,14.0,0,4,13.97,0.5162336826324463,0.9688132180000001
587,93769,90.0,9.0,0,4,13.12,0.4684898853302002,0.9687752560000001
588,93881,60.0,6.0,0,4,12.72,0.45754122734069824,0.9687379600000001
589,94188,210.0,21.0,1,4,12.94,1.1777904033660889,0.968635729
590,94285,80.0,8.0,0,4,12.92,0.39311981201171875,0.968603428
591,94396,45.0,4.5,0,4,12.81,0.43679356575012207,0.9685664649999999
592,94475,50.0,5.0,0,4,12.19,0.31579113006591797,0.968540158
593,94590,20.0,2.0,0,4,12.11,0.4399080276489258,0.9685018629999999
594,94780,220.0,22.0,1,4,12.26,0.712609052658081,0.9684385929999999
595,94900,55.0,5.5,0,4,12.3,0.4671168327331543,0.9683986329999998
596,94979,40.0,4.0,0,4,12.05,0.3295412063598633,0.968372326
597,95100,105.0,10.5,0,4,11.38,0.465435266494751,0.9683320330000001
598,95258,155.0,15.5,0,4,11.02,0.6046810150146484,0.9682794190000001
599,95467,115.0,11.5,0,4,10.81,0.7882463932037354,0.9682098220000002
600,95708,240.0,24.0,1,4,10.88,0.9003283977508545,0.9681295689999998
601,95801,65.0,6.5,0,4,10.65,0.3811483383178711,0.9680985999999999
602,95981,125.0,12.5,0,4,10.84,0.6899456977844238,0.96803866
603,96058,5.0,0.5,0,4,10.65,0.3152618408203125,0.9680130189999998
604,96212,65.0,6.5,0,4,10.54,0.5988636016845703,0.9679617369999999
605,96459,235.0,23.5,1,4,10.93,0.931614875793457,0.9678794859999998
606,96655,180.0,18.0,0,4,11.19,0.7579014301300049,0.9678142179999999
607,96824,130.0,13.0,0,4,11.37,0.6698200702667236,0.9677579409999999
608,97077,345.0,34.5,1,4,11.88,0.9647433757781982,0.9676736919999999
609,97216,20.0,2.0,0,4,11.84,0.5516767501831055,0.9676274049999999
610,97346,50.0,5.0,0,4,11.56,0.5382246971130371,0.9675841150000001
611,97497,155.0,15.5,0,4,11.79,0.577399730682373,0.9675338319999999
612,97690,170.0,17.0,0,4,11.98,0.7474801540374756,0.9674695630000001
613,97886,145.0,14.5,0,4,12.14,0.7550110816955566,0.967404295
614,98045,180.0,18.0,0,4,12.46,0.6050772666931152,0.9673513479999999
615,98260,345.0,34.5,1,4,12.87,0.8048694133758545,0.9672797529999998
616,98512,210.0,21.0,2,4,13.19,0.9356086254119873,0.967195837
617,98628,50.0,5.0,0,4,12.94,0.448211669921875,0.967157209
618,98797,165.0,16.5,0,4,12.94,0.6426827907562256,0.967100932
619,99052,255.0,25.5,1,4,13.13,0.9533967971801758,0.967016017
620,99128,15.0,1.5,0,4,12.56,0.3180124759674072,0.9669907090000001
621,99307,185.0,18.5,0,4,12.76,0.6794188022613525,0.966931102
622,99465,135.0,13.5,0,4,12.77,0.6057898998260498,0.9668784879999999
623,99581,95.0,9.5,0,4,12.89,0.44917821884155273,0.9668398599999999
624,99700,35.0,3.5,0,4,12.75,0.45845842361450195,0.9668002330000001
625,99875,230.0,23.0,1,4,12.71,0.6648199558258057,0.9667419580000001
626,99961,45.0,4.5,0,4,12.43,0.3438420295715332,0.96671332
627,100153,230.0,23.0,1,4,12.67,0.7517263889312744,0.966649384
628,100265,80.0,8.0,0,4,12.57,0.4506411552429199,0.966612088
629,100634,705.0,70.5,1,4,13.66,1.3200750350952148,0.966489211
630,100744,90.0,9.0,0,4,13.77,0.4316990375518799,0.9664525810000001
631,100834,30.0,3.0,0,4,13.74,0.35456418991088867,0.9664226109999999
632,100942,70.0,7.0,0,4,13.76,0.41202425956726074,0.966386647
633,101049,60.0,6.0,0,4,13.49,0.41039299964904785,0.966351016
634,101164,120.0,12.0,0,4,13.42,0.44537973403930664,0.9663127210000001
635,101273,95.0,9.5,0,4,13.48,0.423018217086792,0.966276424
636,101395,125.0,12.5,0,4,13.45,0.4697842597961426,0.9662357979999999
637,101559,140.0,14.0,0,4,13.55,0.6103482246398926,0.9661811859999998
638,101725,90.0,9.0,0,4,13.61,0.6272366046905518,0.9661259080000001
639,102042,210.0,21.0,1,4,13.61,1.132495641708374,0.9660203469999998
640,102185,135.0,13.5,0,4,13.72,0.5354537963867188,0.9659727280000001
641,102339,60.0,6.0,0,4,13.75,0.5800282955169678,0.9659214460000002
642,102493,120.0,12.0,0,4,13.89,0.5918669700622559,0.9658701640000001
643,102661,85.0,8.5,0,4,14.02,0.633303165435791,0.9658142200000001
644,102827,155.0,15.5,0,4,13.89,0.6191072463989258,0.9657589419999999
645,102967,65.0,6.5,0,4,13.91,0.5372030735015869,0.965712322
646,103117,110.0,11.0,0,4,14.05,0.5637798309326172,0.965662372
647,103356,305.0,30.5,1,4,14.45,0.8858911991119385,0.9655827849999998
648,103432,15.0,1.5,0,4,14.17,0.3194613456726074,0.9655574769999998
649,103518,65.0,6.5,0,4,14.07,0.36931753158569336,0.9655288390000001
650,103665,125.0,12.5,0,4,13.84,0.5709483623504639,0.965479888
651,103848,185.0,18.5,0,4,14.08,0.7153518199920654,0.9654189489999999
652,103933,75.0,7.5,0,4,13.98,0.35352063179016113,0.9653906440000001
653,104020,25.0,2.5,0,4,14.02,0.34640049934387207,0.9653616730000001
654,104287,295.0,29.5,1,4,14.48,0.9791393280029297,0.965272762
655,104467,210.0,21.0,2,4,14.43,0.6611151695251465,0.9652128220000001
656,104630,155.0,15.5,0,4,14.38,0.6081955432891846,0.9651585429999998
657,104747,75.0,7.5,0,4,14.27,0.4424576759338379,0.965119582
658,104936,95.0,9.5,0,4,13.77,0.7209460735321045,0.9650566449999999
659,105012,50.0,5.0,0,4,13.83,0.29659461975097656,0.9650313369999999
660,105134,50.0,5.0,0,4,13.83,0.47675156593322754,0.9649907110000002
661,105252,55.0,5.5,0,4,13.63,0.4478302001953125,0.9649514170000002
662,105416,140.0,14.0,0,4,13.57,0.625391960144043,0.9648968050000001
663,105497,30.0,3.0,0,4,13.34,0.3302171230316162,0.9648698319999999
664,105611,110.0,11.0,0,4,13.2,0.43861913681030273,0.9648318699999998
665,105722,20.0,2.0,0,4,12.55,0.42715883255004883,0.9647949070000001
666,105841,50.0,5.0,0,4,12.23,0.4824090003967285,0.9647552799999999
667,105959,45.0,4.5,0,4,12.22,0.46771931648254395,0.9647159859999999
668,106053,85.0,8.5,0,4,12.06,0.37727785110473633,0.9646846840000001
669,106182,105.0,10.5,0,4,11.76,0.4870145320892334,0.9646417270000002
670,106446,260.0,26.0,1,4,12.25,0.9634127616882324,0.9645538150000001
671,106565,55.0,5.5,0,4,11.99,0.46309661865234375,0.964514188
672,106698,105.0,10.5,0,4,11.93,0.525517463684082,0.964469899
673,106775,15.0,1.5,0,4,11.77,0.32859325408935547,0.9644442580000002
674,106919,90.0,9.0,0,4,11.88,0.5716595649719238,0.9643963059999999
675,107035,60.0,6.0,0,4,11.54,0.466275691986084,0.9643576779999999
676,107175,135.0,13.5,0,4,11.72,0.560636043548584,0.964311058
677,107321,120.0,12.0,0,4,11.5,0.5740880966186523,0.9642624400000002
678,107504,180.0,18.0,0,4,11.7,0.680588960647583,0.964201501
679,107668,135.0,13.5,0,4,10.56,0.620201587677002,0.9641468889999999
680,107831,130.0,13.0,0,4,10.64,0.6256582736968994,0.96409261
681,107948,65.0,6.5,0,4,10.71,0.45917654037475586,0.9640536489999998
682,108151,310.0,31.0,1,4,11.19,0.7589786052703857,0.9639860499999999
683,108302,155.0,15.5,0,4,11.38,0.5753846168518066,0.9639357670000002
684,108503,230.0,23.0,1,4,11.6,0.746333122253418,0.9638688339999999
685,108717,235.0,23.5,2,4,11.88,0.8101556301116943,0.963797572
686,108794,15.0,1.5,0,4,11.66,0.3220188617706299,0.9637719309999999
687,109070,270.0,27.0,1,4,11.92,1.015662670135498,0.9636800229999998
688,109182,105.0,10.5,0,4,11.95,0.44486093521118164,0.9636427269999999
689,109370,110.0,11.0,0,4,11.75,0.7156507968902588,0.963580123
690,109570,235.0,23.5,1,4,11.95,0.7537190914154053,0.9635135229999998
691,109835,215.0,21.5,2,4,12.26,0.9877758026123047,0.9634252780000001
692,109985,145.0,14.5,0,4,12.31,0.5955049991607666,0.9633753280000001
693,110073,80.0,8.0,0,4,12.3,0.3630194664001465,0.963346024
694,110242,155.0,15.5,0,4,12.3,0.6558384895324707,0.963289747
695,110395,110.0,11.0,0,4,12.39,0.6048874855041504,0.9632387979999999
696,110549,120.0,12.0,0,4,12.41,0.6178231239318848,0.9631875159999999
697,110641,90.0,9.0,0,4,11.98,0.35463881492614746,0.9631568800000001
698,110830,120.0,12.0,0,4,12.19,0.7150790691375732,0.963093943
699,110916,50.0,5.0,0,4,12.16,0.34105634689331055,0.9630653049999999
700,110993,55.0,5.5,0,4,12.02,0.31577444076538086,0.9630396640000001
701,111141,105.0,10.5,0,4,11.86,0.5759541988372803,0.9629903800000001
702,111274,35.0,3.5,0,4,11.78,0.4942774772644043,0.9629460910000002
703,111415,115.0,11.5,0,4,11.96,0.5358519554138184,0.9628991380000002
704,111644,205.0,20.5,1,4,11.78,0.8459289073944092,0.9628228809999999
705,111771,105.0,10.5,0,4,11.57,0.48184823989868164,0.96278059
706,111883,65.0,6.5,0,4,11.39,0.4324667453765869,0.962743294
707,112006,45.0,4.5,0,4,11.33,0.48038721084594727,0.9627023350000001
708,112084,75.0,7.5,0,4,11.29,0.33545947074890137,0.9626763610000002
709,112259,95.0,9.5,0,4,11.38,0.6679668426513672,0.9626180860000002
710,112389,35.0,3.5,0,4,11.35,0.5065324306488037,0.9625747960000001
711,112538,145.0,14.5,0,4,11.53,0.5605480670928955,0.9625251789999999
712,112638,35.0,3.5,0,4,11.32,0.38962888717651367,0.962491879
713,112871,465.0,46.5,1,4,12.19,0.8490619659423828,0.9624142899999999
714,113034,65.0,6.5,0,4,12.1,0.6228556632995605,0.9623600109999999
715,113217,110.0,11.0,0,4,12.28,0.7118992805480957,0.9622990719999999
716,113322,35.0,3.5,0,4,12.25,0.42694520950317383,0.9622641070000002
717,113540,155.0,15.5,0,4,12.47,0.8442127704620361,0.9621915129999999
718,113698,85.0,8.5,0,4,12.47,0.6349811553955078,0.9621388989999998
719,113847,115.0,11.5,0,4,12.49,0.586921215057373,0.9620892820000001
720,114039,210.0,21.0,1,4,12.39,0.7108964920043945,0.9620253460000001
721,114127,55.0,5.5,0,4,12.39,0.3537323474884033,0.961996042
722,114270,55.0,5.5,0,4,12.29,0.5589885711669922,0.9619484229999999
723,114427,120.0,12.0,0,4,12.5,0.6010892391204834,0.9618961420000001
724,114571,120.0,12.0,0,4,12.56,0.5574805736541748,0.9618481899999998
725,114715,45.0,4.5,0,4,12.53,0.5991075038909912,0.9618002379999999
726,114864,165.0,16.5,0,4,12.59,0.5997006893157959,0.9617506210000002
727,115014,130.0,13.0,0,4,12.61,0.5914196968078613,0.9617006709999998
728,115128,30.0,3.0,0,4,12.31,0.44991350173950195,0.9616627089999998
729,115258,45.0,4.5,0,4,12.13,0.5576221942901611,0.9616194190000001
730,115388,105.0,10.5,0,4,12.08,0.5053441524505615,0.961576129
731,115535,35.0,3.5,0,4,12.02,0.5800073146820068,0.9615271779999999
732,115723,100.0,10.0,0,4,11.6,0.7075338363647461,0.9614645739999998
733,115823,75.0,7.5,0,4,11.44,0.40253520011901855,0.9614312740000001
627,4,45.0,4.5,0,4,12.3,0.04608964920043945,0.9999990010000002
628,172,70.0,7.0,0,4,12.18,0.4264554977416992,0.9999430570000001
629,285,80.0,8.0,0,4,12.02,0.29101109504699707,0.9999054279999998
630,432,85.0,8.5,0,4,12.12,0.3632681369781494,0.9998564770000001
631,514,60.0,6.0,0,4,12.15,0.2177126407623291,0.9998291710000001
632,624,95.0,9.5,0,4,12.22,0.290238618850708,0.9997925410000001
633,724,65.0,6.5,0,4,11.96,0.25459933280944824,0.9997592409999999
634,912,170.0,17.0,0,4,11.99,0.4633469581604004,0.999696637
635,1030,20.0,2.0,0,4,11.9,0.30248093605041504,0.999657343
636,1104,10.0,1.0,0,4,11.64,0.21185684204101562,0.999632701
637,1276,120.0,12.0,0,4,11.7,0.4299783706665039,0.9995754250000002
638,1576,445.0,44.5,1,4,12.47,0.6895186901092529,0.9994755249999999
639,1779,110.0,11.0,0,4,12.27,0.4856226444244385,0.999407926
640,1943,70.0,7.0,0,4,12.25,0.4105677604675293,0.9993533139999999
641,2055,45.0,4.5,0,4,12.25,0.2905733585357666,0.9993160179999999
642,2275,155.0,15.5,0,4,12.46,0.5228133201599121,0.9992427580000001
643,2446,185.0,18.5,0,4,12.79,0.4131307601928711,0.999185815
644,2564,50.0,5.0,0,4,12.45,0.29377317428588867,0.999146521
645,2661,15.0,1.5,0,4,12.37,0.2531604766845703,0.99911422
646,2921,440.0,44.0,1,4,13.17,0.6013686656951904,0.9990276400000001
647,3005,40.0,4.0,0,4,13.04,0.22081661224365234,0.9989996680000001
648,3161,120.0,12.0,0,4,12.97,0.38146448135375977,0.9989477200000001
649,3303,45.0,4.5,0,4,12.83,0.3543519973754883,0.9989004340000002
650,3433,110.0,11.0,0,4,12.57,0.31889939308166504,0.998857144
651,3565,180.0,18.0,0,4,12.8,0.3355567455291748,0.9988131879999999
652,3637,15.0,1.5,0,4,12.58,0.18634629249572754,0.9987892119999999
653,3777,100.0,10.0,0,4,12.77,0.35024213790893555,0.998742592
654,3920,140.0,14.0,0,4,12.92,0.35003137588500977,0.998694973
655,4077,160.0,16.0,0,4,12.77,0.3881850242614746,0.9986426920000001
656,4182,75.0,7.5,0,4,12.56,0.27620530128479004,0.9986077270000001
657,4564,605.0,60.5,1,4,13.51,0.8652606010437012,0.9984805210000001
658,4711,125.0,12.5,0,4,13.07,0.36737513542175293,0.99843157
659,4868,165.0,16.5,0,4,13.36,0.3919062614440918,0.9983792890000002
660,4944,35.0,3.5,0,4,13.33,0.20369267463684082,0.9983539810000002
661,5059,45.0,4.5,0,4,13.11,0.3008255958557129,0.998315686
662,5183,140.0,14.0,0,4,13.05,0.3274083137512207,0.998274394
663,5368,105.0,10.5,0,4,12.97,0.4491703510284424,0.9982127890000002
664,5527,165.0,16.5,0,4,12.94,0.3905332088470459,0.998159842
665,5653,80.0,8.0,0,4,12.41,0.3220784664154053,0.9981178839999999
666,5729,40.0,4.0,0,4,12.07,0.21060943603515625,0.9980925759999999
667,5846,35.0,3.5,0,4,12.04,0.32953405380249023,0.998053615
668,6001,155.0,15.5,0,4,12.02,0.4985952377319336,0.9980019999999998
669,6226,175.0,17.5,0,4,11.86,0.6407778263092041,0.9979270750000001
670,6418,170.0,17.0,0,4,12.17,0.5022599697113037,0.9978631390000001
671,6655,175.0,17.5,0,4,12.15,0.563467264175415,0.9977842179999998
672,6876,125.0,12.5,0,4,12.13,0.5324704647064209,0.9977106250000002
673,7039,115.0,11.5,0,4,12.17,0.3959815502166748,0.9976563459999999
674,7150,75.0,7.5,0,4,12.25,0.2921288013458252,0.9976193830000001
675,7239,90.0,9.0,0,4,11.97,0.22973251342773438,0.9975897459999998
676,7372,25.0,2.5,0,4,11.93,0.3390192985534668,0.9975454569999999
677,7521,80.0,8.0,0,4,12.0,0.36808180809020996,0.9974958400000001
678,7715,405.0,40.5,1,4,12.67,0.471813440322876,0.9974312380000001
679,7923,370.0,37.0,2,4,13.25,0.5026018619537354,0.9973619739999999
680,8195,305.0,30.5,3,4,13.69,0.6378426551818848,0.9972713979999999
681,8412,275.0,27.5,4,4,14.12,0.5113682746887207,0.9971991369999998
682,8628,260.0,26.0,5,5,14.45,0.5142076015472412,0.9971272090000001
683,8814,135.0,13.5,0,5,14.59,0.4409966468811035,0.9970652710000001
684,8902,5.0,0.5,0,5,14.26,0.23709416389465332,0.997035967
